epoch,train_loss,val_loss
1,2.920100,2.845643
2,2.847500,2.806225
3,2.820100,2.782271
4,2.754400,2.765009
5,2.725600,2.752496
6,2.704000,2.743229
7,2.713300,2.739249
8,2.665500,2.732555
9,2.646800,2.729696
10,2.635600,2.726301
11,2.631400,2.724389
12,2.603200,2.723296
13,2.619300,2.720253
14,2.613300,2.720037
15,2.593200,2.720516
